{
  "model": "MLP",
  "metrics": {
    "accuracy": 0.9525,
    "precision": 0.9264705882352942,
    "recall": 0.8915094339622641,
    "f1": 0.9086538461538461,
    "roc_auc": 0.98207065845206
  }
}