{
  "model": "MLP",
  "metrics": {
    "accuracy": 0.95125,
    "precision": 0.9261083743842364,
    "recall": 0.8867924528301887,
    "f1": 0.9060240963855422,
    "roc_auc": 0.9826642921319471
  }
}